"CODE","NAME","CASES","CASESVARIATION","AVERAGETEMP","DAY"
"AE","United Arab Emirates","74","0","22","20200309 21:00:00.000 -0300"
"AE","United Arab Emirates","85","0.14864864864864866","23","20200310 21:00:00.000 -0300"
"AE","United Arab Emirates","85","0","26","20200311 21:00:00.000 -0300"
"AE","United Arab Emirates","85","0","27","20200312 21:00:00.000 -0300"
"AE","United Arab Emirates","98","0.15294117647058825","29","20200313 21:00:00.000 -0300"
"AE","United Arab Emirates","98","0","27","20200314 21:00:00.000 -0300"
"AE","United Arab Emirates","98","0","28","20200315 21:00:00.000 -0300"
"AE","United Arab Emirates","113","0.15306122448979592","28","20200316 21:00:00.000 -0300"
"AE","United Arab Emirates","140","0.23893805309734514","30","20200317 21:00:00.000 -0300"
"AE","United Arab Emirates","140","0","30","20200318 21:00:00.000 -0300"
"AE","United Arab Emirates","18878","0.0373667435981976","36","20200509 21:00:00.000 -0300"
"AE","United Arab Emirates","19661","0.041476851361373024","33","20200510 21:00:00.000 -0300"
"AE","United Arab Emirates","20386","0.036875031788820505","32","20200511 21:00:00.000 -0300"
"AE","United Arab Emirates","21084","0.03423918375355636","32","20200512 21:00:00.000 -0300"
"AE","United Arab Emirates","21831","0.03542970973249858","33","20200513 21:00:00.000 -0300"
"AE","United Arab Emirates","22627","0.0364619119600568","35","20200514 21:00:00.000 -0300"
"AE","United Arab Emirates","23358","0.032306536438767845","36","20200515 21:00:00.000 -0300"
"AE","United Arab Emirates","24190","0.03561948796986043","36","20200516 21:00:00.000 -0300"
"AE","United Arab Emirates","25063","0.03608929309632079","37","20200517 21:00:00.000 -0300"
"AE","United Arab Emirates","26004","0.037545385628216896","37","20200518 21:00:00.000 -0300"
"AE","United Arab Emirates","54453","0.007456059204440333","42","20200709 21:00:00.000 -0300"
"AE","United Arab Emirates","54854","0.007364148899050557","42","20200710 21:00:00.000 -0300"
"AE","United Arab Emirates","55198","0.006271192620410544","42","20200711 21:00:00.000 -0300"
"AE","United Arab Emirates","55573","0.006793724410304721","43","20200712 21:00:00.000 -0300"
"AE","United Arab Emirates","55848","0.0049484461878970005","41","20200713 21:00:00.000 -0300"
"AE","United Arab Emirates","56129","0.005031514109726401","39","20200714 21:00:00.000 -0300"
"AE","United Arab Emirates","56422","0.005220117942596519","40","20200715 21:00:00.000 -0300"
"AE","United Arab Emirates","56711","0.005122115486866825","39","20200716 21:00:00.000 -0300"
"AE","United Arab Emirates","56922","0.003720618574879653","39","20200717 21:00:00.000 -0300"
"AE","United Arab Emirates","57193","0.004760900881908577","41","20200718 21:00:00.000 -0300"
"AE","United Arab Emirates","77842","0.012104900469373691","38","20200909 21:00:00.000 -0300"
"AE","United Arab Emirates","78849","0.012936461036458468","38","20200910 21:00:00.000 -0300"
"AE","United Arab Emirates","79489","0.008116780174764424","39","20200911 21:00:00.000 -0300"
"AE","United Arab Emirates","80266","0.009774937412723773","38","20200912 21:00:00.000 -0300"
"AE","United Arab Emirates","80940","0.008397079709964369","37","20200913 21:00:00.000 -0300"
"AE","United Arab Emirates","81782","0.010402767482085495","37","20200914 21:00:00.000 -0300"
"AE","United Arab Emirates","82568","0.009610916827663789","36","20200915 21:00:00.000 -0300"
"AE","United Arab Emirates","83433","0.010476213545199108","36","20200916 21:00:00.000 -0300"
"AE","United Arab Emirates","84242","0.00969640310189014","36","20200917 21:00:00.000 -0300"
"AE","United Arab Emirates","84916","0.008000759716056124","36","20200918 21:00:00.000 -0300"
"AE","United Arab Emirates","145599","0.008408075631125117","28","20201109 21:00:00.000 -0300"
"AE","United Arab Emirates","146735","0.007802251389089211","30","20201110 21:00:00.000 -0300"
"AE","United Arab Emirates","147961","0.008355198146318193","30","20201111 21:00:00.000 -0300"
"AE","United Arab Emirates","149135","0.007934523286541723","29","20201112 21:00:00.000 -0300"
"AE","United Arab Emirates","150345","0.008113454252858148","27","20201113 21:00:00.000 -0300"
"AE","United Arab Emirates","151554","0.008041504539559013","25","20201114 21:00:00.000 -0300"
"AE","United Arab Emirates","152809","0.00828087678319279","27","20201115 21:00:00.000 -0300"
"AE","United Arab Emirates","154101","0.00845499937830887","26","20201116 21:00:00.000 -0300"
"AE","United Arab Emirates","155254","0.00748210589159058","25","20201117 21:00:00.000 -0300"
"AE","United Arab Emirates","156523","0.008173702448890206","26","20201118 21:00:00.000 -0300"
"BN","Brunei Darussalam","11","10","29","20200309 21:00:00.000 -0300"
"BN","Brunei Darussalam","11","0","31","20200310 21:00:00.000 -0300"
"BN","Brunei Darussalam","37","2.3636363636363638","31","20200311 21:00:00.000 -0300"
"BN","Brunei Darussalam","40","0.08108108108108109","30","20200312 21:00:00.000 -0300"
"BN","Brunei Darussalam","50","0.25","29","20200313 21:00:00.000 -0300"
"BN","Brunei Darussalam","54","0.08","29","20200314 21:00:00.000 -0300"
"BN","Brunei Darussalam","56","0.037037037037037035","29","20200315 21:00:00.000 -0300"
"BN","Brunei Darussalam","68","0.21428571428571427","30","20200316 21:00:00.000 -0300"
"BN","Brunei Darussalam","75","0.10294117647058823","31","20200317 21:00:00.000 -0300"
"BN","Brunei Darussalam","78","0.04","29","20200318 21:00:00.000 -0300"
"BN","Brunei Darussalam","141","0","29","20200509 21:00:00.000 -0300"
"BN","Brunei Darussalam","141","0","25","20200510 21:00:00.000 -0300"
"BN","Brunei Darussalam","141","0","28","20200511 21:00:00.000 -0300"
"BN","Brunei Darussalam","141","0","29","20200512 21:00:00.000 -0300"
"BN","Brunei Darussalam","141","0","30","20200513 21:00:00.000 -0300"
"BN","Brunei Darussalam","141","0","29","20200514 21:00:00.000 -0300"
"BN","Brunei Darussalam","141","0","29","20200515 21:00:00.000 -0300"
"BN","Brunei Darussalam","141","0","26","20200516 21:00:00.000 -0300"
"BN","Brunei Darussalam","141","0","29","20200517 21:00:00.000 -0300"
"BN","Brunei Darussalam","141","0","29","20200518 21:00:00.000 -0300"
"BN","Brunei Darussalam","141","0","25","20200709 21:00:00.000 -0300"
"BN","Brunei Darussalam","141","0","27","20200710 21:00:00.000 -0300"
"BN","Brunei Darussalam","141","0","27","20200711 21:00:00.000 -0300"
"BN","Brunei Darussalam","141","0","28","20200712 21:00:00.000 -0300"
"BN","Brunei Darussalam","141","0","28","20200713 21:00:00.000 -0300"
"BN","Brunei Darussalam","141","0","29","20200714 21:00:00.000 -0300"
"BN","Brunei Darussalam","141","0","27","20200715 21:00:00.000 -0300"
"BN","Brunei Darussalam","141","0","29","20200716 21:00:00.000 -0300"
"BN","Brunei Darussalam","141","0","28","20200717 21:00:00.000 -0300"
"BN","Brunei Darussalam","141","0","28","20200718 21:00:00.000 -0300"
"BN","Brunei Darussalam","145","0","27","20200909 21:00:00.000 -0300"
"BN","Brunei Darussalam","145","0","28","20200910 21:00:00.000 -0300"
"BN","Brunei Darussalam","145","0","28","20200911 21:00:00.000 -0300"
"BN","Brunei Darussalam","145","0","27","20200912 21:00:00.000 -0300"
"BN","Brunei Darussalam","145","0","24","20200913 21:00:00.000 -0300"
"BN","Brunei Darussalam","145","0","24","20200914 21:00:00.000 -0300"
"BN","Brunei Darussalam","145","0","29","20200915 21:00:00.000 -0300"
"BN","Brunei Darussalam","145","0","30","20200916 21:00:00.000 -0300"
"BN","Brunei Darussalam","145","0","28","20200917 21:00:00.000 -0300"
"BN","Brunei Darussalam","145","0","30","20200918 21:00:00.000 -0300"
"BN","Brunei Darussalam","148","0","28","20201109 21:00:00.000 -0300"
"BN","Brunei Darussalam","148","0","28","20201110 21:00:00.000 -0300"
"BN","Brunei Darussalam","148","0","29","20201111 21:00:00.000 -0300"
"BN","Brunei Darussalam","148","0","29","20201112 21:00:00.000 -0300"
"BN","Brunei Darussalam","148","0","30","20201113 21:00:00.000 -0300"
"BN","Brunei Darussalam","148","0","29","20201114 21:00:00.000 -0300"
"BN","Brunei Darussalam","148","0","30","20201115 21:00:00.000 -0300"
"BN","Brunei Darussalam","148","0","28","20201116 21:00:00.000 -0300"
"BN","Brunei Darussalam","148","0","29","20201117 21:00:00.000 -0300"
"BN","Brunei Darussalam","148","0","28","20201118 21:00:00.000 -0300"
"BR","Brazil","38","0.22580645161290322","27","20200309 21:00:00.000 -0300"
"BR","Brazil","52","0.3684210526315789","26","20200310 21:00:00.000 -0300"
"BR","Brazil","151","1.9038461538461537","28","20200311 21:00:00.000 -0300"
"BR","Brazil","151","0","27","20200312 21:00:00.000 -0300"
"BR","Brazil","162","0.0728476821192053","27","20200313 21:00:00.000 -0300"
"BR","Brazil","200","0.2345679012345679","27","20200314 21:00:00.000 -0300"
"BR","Brazil","321","0.605","26","20200315 21:00:00.000 -0300"
"BR","Brazil","372","0.1588785046728972","27","20200316 21:00:00.000 -0300"
"BR","Brazil","621","0.6693548387096774","28","20200317 21:00:00.000 -0300"
"BR","Brazil","793","0.27697262479871176","28","20200318 21:00:00.000 -0300"
"BR","Brazil","169594","0.04237887141285441","25","20200509 21:00:00.000 -0300"
"BR","Brazil","178214","0.05082726983265917","26","20200510 21:00:00.000 -0300"
"BR","Brazil","190137","0.06690271246927851","25","20200511 21:00:00.000 -0300"
"BR","Brazil","203165","0.0685190152363822","26","20200512 21:00:00.000 -0300"
"BR","Brazil","220291","0.08429601555386017","25","20200513 21:00:00.000 -0300"
"BR","Brazil","233511","0.06001153020323118","25","20200514 21:00:00.000 -0300"
"BR","Brazil","241080","0.03241389056618318","24","20200515 21:00:00.000 -0300"
"BR","Brazil","255368","0.059266633482661354","25","20200516 21:00:00.000 -0300"
"BR","Brazil","271885","0.06467920804486076","24","20200517 21:00:00.000 -0300"
"BR","Brazil","291579","0.072435036872207","25","20200518 21:00:00.000 -0300"
"BR","Brazil","1839850","0.021669488518330744","27","20200709 21:00:00.000 -0300"
"BR","Brazil","1864681","0.013496208930075821","28","20200710 21:00:00.000 -0300"
"BR","Brazil","1884967","0.010879072613492602","29","20200711 21:00:00.000 -0300"
"BR","Brazil","1926824","0.022205693786681677","29","20200712 21:00:00.000 -0300"
"BR","Brazil","1966748","0.02072010728535663","28","20200713 21:00:00.000 -0300"
"BR","Brazil","2012151","0.023085316471657784","27","20200714 21:00:00.000 -0300"
"BR","Brazil","2046328","0.016985305774765414","27","20200715 21:00:00.000 -0300"
"BR","Brazil","2074860","0.013943023796771583","27","20200716 21:00:00.000 -0300"
"BR","Brazil","2098389","0.011340042219716028","26","20200717 21:00:00.000 -0300"
"BR","Brazil","2118646","0.009653596163533073","26","20200718 21:00:00.000 -0300"
"BR","Brazil","4282164","0.010314629465610745","34","20200909 21:00:00.000 -0300"
"BR","Brazil","4315687","0.007828518478040543","33","20200910 21:00:00.000 -0300"
"BR","Brazil","4330455","0.0034219349086252087","33","20200911 21:00:00.000 -0300"
"BR","Brazil","4345610","0.0034996322557329426","33","20200912 21:00:00.000 -0300"
"BR","Brazil","4382263","0.00843448905907341","33","20200913 21:00:00.000 -0300"
"BR","Brazil","4419083","0.008402051634053","33","20200914 21:00:00.000 -0300"
"BR","Brazil","4455386","0.008215052760946105","36","20200915 21:00:00.000 -0300"
"BR","Brazil","4495183","0.008932334931249503","36","20200916 21:00:00.000 -0300"
"BR","Brazil","4528240","0.007353871911332642","36","20200917 21:00:00.000 -0300"
"BR","Brazil","4544629","0.003619286963588502","36","20200918 21:00:00.000 -0300"
"BR","Brazil","5747660","0.008537455222446725","31","20201109 21:00:00.000 -0300"
"BR","Brazil","5781582","0.005901880069454352","31","20201110 21:00:00.000 -0300"
"BR","Brazil","5810652","0.005028035579189225","30","20201111 21:00:00.000 -0300"
"BR","Brazil","5848959","0.006592547617720008","30","20201112 21:00:00.000 -0300"
"BR","Brazil","5863093","0.0024164983888585985","29","20201113 21:00:00.000 -0300"
"BR","Brazil","5876464","0.0022805369111491155","30","20201114 21:00:00.000 -0300"
"BR","Brazil","5911758","0.006005992719431277","30","20201115 21:00:00.000 -0300"
"BR","Brazil","5945849","0.00576664335718749","30","20201116 21:00:00.000 -0300"
"BR","Brazil","5981767","0.006040853038817501","27","20201117 21:00:00.000 -0300"
"BR","Brazil","6020164","0.006419006290281784","28","20201118 21:00:00.000 -0300"
"CI","Côte d'Ivoire","1","0","32","20200309 21:00:00.000 -0300"
"CI","Côte d'Ivoire","1","0","33","20200310 21:00:00.000 -0300"
"CI","Côte d'Ivoire","1","0","30","20200311 21:00:00.000 -0300"
"CI","Côte d'Ivoire","1","0","31","20200312 21:00:00.000 -0300"
"CI","Côte d'Ivoire","1","0","28","20200313 21:00:00.000 -0300"
"CI","Côte d'Ivoire","1","0","31","20200314 21:00:00.000 -0300"
"CI","Côte d'Ivoire","5","4","30","20200315 21:00:00.000 -0300"
"CI","Côte d'Ivoire","6","0.2","31","20200316 21:00:00.000 -0300"
"CI","Côte d'Ivoire","9","0.5","31","20200317 21:00:00.000 -0300"
"CI","Côte d'Ivoire","9","0","32","20200318 21:00:00.000 -0300"
"CI","Côte d'Ivoire","1730","0.01764705882352941","27","20200509 21:00:00.000 -0300"
"CI","Côte d'Ivoire","1857","0.07341040462427746","29","20200510 21:00:00.000 -0300"
"CI","Côte d'Ivoire","1912","0.029617662897145933","29","20200511 21:00:00.000 -0300"
"CI","Côte d'Ivoire","1971","0.03085774058577406","30","20200512 21:00:00.000 -0300"
"CI","Côte d'Ivoire","2017","0.023338406900050734","30","20200513 21:00:00.000 -0300"
"CI","Côte d'Ivoire","2061","0.02181457610312345","29","20200514 21:00:00.000 -0300"
"CI","Côte d'Ivoire","2109","0.023289665211062592","28","20200515 21:00:00.000 -0300"
"CI","Côte d'Ivoire","2119","0.00474158368895211","28","20200516 21:00:00.000 -0300"
"CI","Côte d'Ivoire","2153","0.01604530438886267","30","20200517 21:00:00.000 -0300"
"CI","Côte d'Ivoire","2231","0.036228518346493266","28","20200518 21:00:00.000 -0300"
"CI","Côte d'Ivoire","12443","0.03244274809160305","25","20200709 21:00:00.000 -0300"
"CI","Côte d'Ivoire","12766","0.025958370167965924","23","20200710 21:00:00.000 -0300"
"CI","Côte d'Ivoire","12872","0.008303305655647814","25","20200711 21:00:00.000 -0300"
"CI","Côte d'Ivoire","13037","0.012818520820385332","23","20200712 21:00:00.000 -0300"
"CI","Côte d'Ivoire","13403","0.028073943391884636","25","20200713 21:00:00.000 -0300"
"CI","Côte d'Ivoire","13554","0.01126613444751175","25","20200714 21:00:00.000 -0300"
"CI","Côte d'Ivoire","13696","0.010476612070237569","24","20200715 21:00:00.000 -0300"
"CI","Côte d'Ivoire","13912","0.015771028037383176","26","20200716 21:00:00.000 -0300"
"CI","Côte d'Ivoire","14119","0.014879240943070731","25","20200717 21:00:00.000 -0300"
"CI","Côte d'Ivoire","14312","0.013669523337346837","26","20200718 21:00:00.000 -0300"
"CI","Côte d'Ivoire","18916","0.0024908580210927975","25","20200909 21:00:00.000 -0300"
"CI","Côte d'Ivoire","18916","0","24","20200910 21:00:00.000 -0300"
"CI","Côte d'Ivoire","19013","0.005127934024106577","25","20200911 21:00:00.000 -0300"
"CI","Côte d'Ivoire","19066","0.002787566401935518","26","20200912 21:00:00.000 -0300"
"CI","Côte d'Ivoire","19100","0.0017832791356341131","25","20200913 21:00:00.000 -0300"
"CI","Côte d'Ivoire","19132","0.001675392670157068","25","20200914 21:00:00.000 -0300"
"CI","Côte d'Ivoire","19158","0.001358979719841104","25","20200915 21:00:00.000 -0300"
"CI","Côte d'Ivoire","19200","0.002192295646727216","25","20200916 21:00:00.000 -0300"
"CI","Côte d'Ivoire","19269","0.00359375","26","20200917 21:00:00.000 -0300"
"CI","Côte d'Ivoire","19320","0.0026467382842908296","26","20200918 21:00:00.000 -0300"
"CI","Côte d'Ivoire","20855","0.0003837482611406917","28","20201109 21:00:00.000 -0300"
"CI","Côte d'Ivoire","20882","0.0012946535602972908","29","20201110 21:00:00.000 -0300"
"CI","Côte d'Ivoire","20899","0.0008140982664495737","30","20201111 21:00:00.000 -0300"
"CI","Côte d'Ivoire","20945","0.002201062251782382","29","20201112 21:00:00.000 -0300"
"CI","Côte d'Ivoire","20976","0.001480066841728336","30","20201113 21:00:00.000 -0300"
"CI","Côte d'Ivoire","20988","0.0005720823798627002","29","20201114 21:00:00.000 -0300"
"CI","Côte d'Ivoire","21004","0.0007623403849818944","29","20201115 21:00:00.000 -0300"
"CI","Côte d'Ivoire","21045","0.0019520091411159778","30","20201116 21:00:00.000 -0300"
"CI","Côte d'Ivoire","21083","0.0018056545497742932","29","20201117 21:00:00.000 -0300"
"CI","Côte d'Ivoire","21099","0.000758905279134848","29","20201118 21:00:00.000 -0300"
"EG","Egypt","60","0.01694915254237288","27","20200309 21:00:00.000 -0300"
"EG","Egypt","67","0.11666666666666667","27","20200310 21:00:00.000 -0300"
"EG","Egypt","80","0.19402985074626866","16","20200311 21:00:00.000 -0300"
"EG","Egypt","109","0.3625","21","20200312 21:00:00.000 -0300"
"EG","Egypt","110","0.009174311926605505","23","20200313 21:00:00.000 -0300"
"EG","Egypt","150","0.36363636363636365","25","20200314 21:00:00.000 -0300"
"EG","Egypt","196","0.30666666666666664","21","20200315 21:00:00.000 -0300"
"EG","Egypt","196","0","17","20200316 21:00:00.000 -0300"
"EG","Egypt","256","0.30612244897959184","18","20200317 21:00:00.000 -0300"
"EG","Egypt","285","0.11328125","17","20200318 21:00:00.000 -0300"
"EG","Egypt","9746","0.036808510638297876","31","20200509 21:00:00.000 -0300"
"EG","Egypt","10093","0.03560435050277037","35","20200510 21:00:00.000 -0300"
"EG","Egypt","10431","0.03348855642524522","35","20200511 21:00:00.000 -0300"
"EG","Egypt","10829","0.03815549803470425","37","20200512 21:00:00.000 -0300"
"EG","Egypt","11228","0.03684550743374273","36","20200513 21:00:00.000 -0300"
"EG","Egypt","11719","0.043729960812255074","37","20200514 21:00:00.000 -0300"
"EG","Egypt","12229","0.04351907159313935","35","20200515 21:00:00.000 -0300"
"EG","Egypt","12764","0.04374846675934255","38","20200516 21:00:00.000 -0300"
"EG","Egypt","13484","0.05640864932623002","40","20200517 21:00:00.000 -0300"
"EG","Egypt","14229","0.05525066745772768","40","20200518 21:00:00.000 -0300"
"EG","Egypt","81158","0.011503707858166635","35","20200709 21:00:00.000 -0300"
"EG","Egypt","82070","0.011237339510584293","35","20200710 21:00:00.000 -0300"
"EG","Egypt","83001","0.01134397465578165","34","20200711 21:00:00.000 -0300"
"EG","Egypt","83930","0.011192636233298393","35","20200712 21:00:00.000 -0300"
"EG","Egypt","84843","0.010878112712975098","37","20200713 21:00:00.000 -0300"
"EG","Egypt","85771","0.010937849911012106","33","20200714 21:00:00.000 -0300"
"EG","Egypt","86474","0.008196243485560388","32","20200715 21:00:00.000 -0300"
"EG","Egypt","87172","0.008071790364733909","34","20200716 21:00:00.000 -0300"
"EG","Egypt","87775","0.006917358784930941","35","20200717 21:00:00.000 -0300"
"EG","Egypt","88402","0.0071432640273426376","37","20200718 21:00:00.000 -0300"
"EG","Egypt","100708","0.0015016358881032648","36","20200909 21:00:00.000 -0300"
"EG","Egypt","100856","0.0014695952655201176","36","20200910 21:00:00.000 -0300"
"EG","Egypt","101009","0.0015170143571031965","35","20200911 21:00:00.000 -0300"
"EG","Egypt","101177","0.0016632181290776068","35","20200912 21:00:00.000 -0300"
"EG","Egypt","101340","0.001611038081777479","33","20200913 21:00:00.000 -0300"
"EG","Egypt","101500","0.0015788434971383462","33","20200914 21:00:00.000 -0300"
"EG","Egypt","101641","0.0013891625615763546","35","20200915 21:00:00.000 -0300"
"EG","Egypt","101772","0.0012888499719601342","37","20200916 21:00:00.000 -0300"
"EG","Egypt","101900","0.0012577133199701293","37","20200917 21:00:00.000 -0300"
"EG","Egypt","102015","0.0011285574092247301","36","20200918 21:00:00.000 -0300"
"EG","Egypt","109881","0.002070147919820526","22","20201109 21:00:00.000 -0300"
"EG","Egypt","110095","0.0019475614528444408","22","20201110 21:00:00.000 -0300"
"EG","Egypt","110319","0.0020346064762250785","23","20201111 21:00:00.000 -0300"
"EG","Egypt","110547","0.002066733744867158","22","20201112 21:00:00.000 -0300"
"EG","Egypt","110767","0.0019901037567731372","21","20201113 21:00:00.000 -0300"
"EG","Egypt","111009","0.002184766220986395","20","20201114 21:00:00.000 -0300"
"EG","Egypt","111284","0.002477276617211217","21","20201115 21:00:00.000 -0300"
"EG","Egypt","111613","0.0029563998418460874","21","20201116 21:00:00.000 -0300"
"EG","Egypt","111955","0.003064159192925555","20","20201117 21:00:00.000 -0300"
"EG","Egypt","112318","0.003242374168192577","19","20201118 21:00:00.000 -0300"
"KR","Korea (South)","7755","0.032210834553440704","3","20200309 21:00:00.000 -0300"
"KR","Korea (South)","7869","0.014700193423597678","8","20200310 21:00:00.000 -0300"
"KR","Korea (South)","7979","0.013978904562206126","9","20200311 21:00:00.000 -0300"
"KR","Korea (South)","8086","0.013410201779671638","4","20200312 21:00:00.000 -0300"
"KR","Korea (South)","8162","0.009398961167449914","4","20200313 21:00:00.000 -0300"
"KR","Korea (South)","8236","0.009066405292820387","6","20200314 21:00:00.000 -0300"
"KR","Korea (South)","8320","0.010199125789218067","7","20200315 21:00:00.000 -0300"
"KR","Korea (South)","8413","0.011177884615384616","10","20200316 21:00:00.000 -0300"
"KR","Korea (South)","8565","0.018067276833472007","7","20200317 21:00:00.000 -0300"
"KR","Korea (South)","8652","0.010157618213660246","9","20200318 21:00:00.000 -0300"
"KR","Korea (South)","10936","0.0024750206251718766","18","20200509 21:00:00.000 -0300"
"KR","Korea (South)","10962","0.002377468910021946","16","20200510 21:00:00.000 -0300"
"KR","Korea (South)","10991","0.0026455026455026454","16","20200511 21:00:00.000 -0300"
"KR","Korea (South)","11018","0.0024565553634792103","19","20200512 21:00:00.000 -0300"
"KR","Korea (South)","11037","0.0017244508985296788","11","20200513 21:00:00.000 -0300"
"KR","Korea (South)","11050","0.001177856301531213","22","20200514 21:00:00.000 -0300"
"KR","Korea (South)","11065","0.0013574660633484162","23","20200515 21:00:00.000 -0300"
"KR","Korea (South)","11078","0.001174875734297334","19","20200516 21:00:00.000 -0300"
"KR","Korea (South)","11110","0.0028886080519949448","11","20200517 21:00:00.000 -0300"
"KR","Korea (South)","11122","0.00108010801080108","16","20200518 21:00:00.000 -0300"
"KR","Korea (South)","13417","0.003290211620429223","24","20200709 21:00:00.000 -0300"
"KR","Korea (South)","13479","0.004621003204889319","20","20200710 21:00:00.000 -0300"
"KR","Korea (South)","13512","0.0024482528377476075","17","20200711 21:00:00.000 -0300"
"KR","Korea (South)","13551","0.002886323268206039","19","20200712 21:00:00.000 -0300"
"KR","Korea (South)","13612","0.004501512803483138","19","20200713 21:00:00.000 -0300"
"KR","Korea (South)","13672","0.004407875404055245","24","20200714 21:00:00.000 -0300"
"KR","Korea (South)","13711","0.002852545348156817","25","20200715 21:00:00.000 -0300"
"KR","Korea (South)","13745","0.0024797607760192546","24","20200716 21:00:00.000 -0300"
"KR","Korea (South)","13771","0.0018915969443433977","22","20200717 21:00:00.000 -0300"
"KR","Korea (South)","13816","0.003267736547817878","24","20200718 21:00:00.000 -0300"
"KR","Korea (South)","22055","0.006204662621469958","19","20200909 21:00:00.000 -0300"
"KR","Korea (South)","22176","0.005486284289276808","21","20200910 21:00:00.000 -0300"
"KR","Korea (South)","22285","0.004915223665223665","21","20200911 21:00:00.000 -0300"
"KR","Korea (South)","22391","0.0047565627103432805","23","20200912 21:00:00.000 -0300"
"KR","Korea (South)","22504","0.005046670537269439","22","20200913 21:00:00.000 -0300"
"KR","Korea (South)","22657","0.0067987913259864915","22","20200914 21:00:00.000 -0300"
"KR","Korea (South)","22783","0.0055611952156066555","17","20200915 21:00:00.000 -0300"
"KR","Korea (South)","22893","0.004828161348373787","17","20200916 21:00:00.000 -0300"
"KR","Korea (South)","22975","0.0035818809243000045","20","20200917 21:00:00.000 -0300"
"KR","Korea (South)","23045","0.003046789989118607","19","20200918 21:00:00.000 -0300"
"KR","Korea (South)","27942","0.0051440699305730425","11","20201109 21:00:00.000 -0300"
"KR","Korea (South)","28133","0.006835588003721996","14","20201110 21:00:00.000 -0300"
"KR","Korea (South)","28338","0.007286816194504674","14","20201111 21:00:00.000 -0300"
"KR","Korea (South)","28546","0.007339967534758981","13","20201112 21:00:00.000 -0300"
"KR","Korea (South)","28769","0.007811952637847685","14","20201113 21:00:00.000 -0300"
"KR","Korea (South)","28998","0.007959956898049984","14","20201114 21:00:00.000 -0300"
"KR","Korea (South)","29311","0.01079384785157597","14","20201115 21:00:00.000 -0300"
"KR","Korea (South)","29654","0.011702091365016546","16","20201116 21:00:00.000 -0300"
"KR","Korea (South)","30017","0.01224118162811088","17","20201117 21:00:00.000 -0300"
"KR","Korea (South)","30403","0.012859379684845254","7","20201118 21:00:00.000 -0300"
"MY","Malaysia","149","0.15503875968992248","31","20200309 21:00:00.000 -0300"
"MY","Malaysia","149","0","29","20200310 21:00:00.000 -0300"
"MY","Malaysia","197","0.3221476510067114","29","20200311 21:00:00.000 -0300"
"MY","Malaysia","238","0.20812182741116753","28","20200312 21:00:00.000 -0300"
"MY","Malaysia","428","0.7983193277310925","27","20200313 21:00:00.000 -0300"
"MY","Malaysia","566","0.32242990654205606","29","20200314 21:00:00.000 -0300"
"MY","Malaysia","673","0.18904593639575973","29","20200315 21:00:00.000 -0300"
"MY","Malaysia","790","0.1738484398216939","30","20200316 21:00:00.000 -0300"
"MY","Malaysia","900","0.13924050632911392","29","20200317 21:00:00.000 -0300"
"MY","Malaysia","1030","0.14444444444444443","28","20200318 21:00:00.000 -0300"
"MY","Malaysia","6726","0.010516826923076924","27","20200509 21:00:00.000 -0300"
"MY","Malaysia","6742","0.0023788284269997025","28","20200510 21:00:00.000 -0300"
"MY","Malaysia","6779","0.005487985760901809","24","20200511 21:00:00.000 -0300"
"MY","Malaysia","6819","0.005900575306092344","29","20200512 21:00:00.000 -0300"
"MY","Malaysia","6855","0.005279366476022877","30","20200513 21:00:00.000 -0300"
"MY","Malaysia","6872","0.0024799416484318016","29","20200514 21:00:00.000 -0300"
"MY","Malaysia","6894","0.0032013969732246797","25","20200515 21:00:00.000 -0300"
"MY","Malaysia","6941","0.006817522483318828","29","20200516 21:00:00.000 -0300"
"MY","Malaysia","6978","0.005330643999423714","31","20200517 21:00:00.000 -0300"
"MY","Malaysia","7009","0.004442533677271424","28","20200518 21:00:00.000 -0300"
"MY","Malaysia","8704","0.0009199632014719411","28","20200709 21:00:00.000 -0300"
"MY","Malaysia","8718","0.001608455882352941","27","20200710 21:00:00.000 -0300"
"MY","Malaysia","8725","0.0008029364533149805","26","20200711 21:00:00.000 -0300"
"MY","Malaysia","8729","0.00045845272206303727","25","20200712 21:00:00.000 -0300"
"MY","Malaysia","8734","0.0005728032993470042","28","20200713 21:00:00.000 -0300"
"MY","Malaysia","8737","0.0003434852301351042","27","20200714 21:00:00.000 -0300"
"MY","Malaysia","8755","0.002060203731257869","27","20200715 21:00:00.000 -0300"
"MY","Malaysia","8764","0.0010279840091376355","28","20200716 21:00:00.000 -0300"
"MY","Malaysia","8779","0.0017115472387037882","28","20200717 21:00:00.000 -0300"
"MY","Malaysia","8800","0.0023920719899760794","27","20200718 21:00:00.000 -0300"
"MY","Malaysia","9810","0.018903199002908183","27","20200909 21:00:00.000 -0300"
"MY","Malaysia","9868","0.005912334352701326","25","20200910 21:00:00.000 -0300"
"MY","Malaysia","9915","0.004762869882448318","26","20200911 21:00:00.000 -0300"
"MY","Malaysia","9946","0.0031265758951084218","24","20200912 21:00:00.000 -0300"
"MY","Malaysia","9969","0.002312487432133521","27","20200913 21:00:00.000 -0300"
"MY","Malaysia","10031","0.006219279767278564","28","20200914 21:00:00.000 -0300"
"MY","Malaysia","10052","0.00209351011863224","29","20200915 21:00:00.000 -0300"
"MY","Malaysia","10147","0.009450855551134103","27","20200916 21:00:00.000 -0300"
"MY","Malaysia","10167","0.0019710259189908348","28","20200917 21:00:00.000 -0300"
"MY","Malaysia","10219","0.005114586407003049","25","20200918 21:00:00.000 -0300"
"MY","Malaysia","42872","0.019548156956004755","26","20201109 21:00:00.000 -0300"
"MY","Malaysia","43791","0.02143590222056354","25","20201110 21:00:00.000 -0300"
"MY","Malaysia","45095","0.02977780822543445","28","20201111 21:00:00.000 -0300"
"MY","Malaysia","46209","0.02470340392504712","28","20201112 21:00:00.000 -0300"
"MY","Malaysia","47417","0.026142093531563115","27","20201113 21:00:00.000 -0300"
"MY","Malaysia","48520","0.02326169939051395","27","20201114 21:00:00.000 -0300"
"MY","Malaysia","49730","0.024938169826875516","26","20201115 21:00:00.000 -0300"
"MY","Malaysia","50390","0.013271667001809772","26","20201116 21:00:00.000 -0300"
"MY","Malaysia","51680","0.02560031752331812","27","20201117 21:00:00.000 -0300"
"MY","Malaysia","52638","0.01853715170278638","29","20201118 21:00:00.000 -0300"
"NL","Netherlands","503","0.31675392670157065","11","20200309 21:00:00.000 -0300"
"NL","Netherlands","503","0","8","20200310 21:00:00.000 -0300"
"NL","Netherlands","804","0.5984095427435387","7","20200311 21:00:00.000 -0300"
"NL","Netherlands","959","0.1927860696517413","6","20200312 21:00:00.000 -0300"
"NL","Netherlands","1135","0.1835245046923879","9","20200313 21:00:00.000 -0300"
"NL","Netherlands","1413","0.24493392070484582","11","20200314 21:00:00.000 -0300"
"NL","Netherlands","1705","0.20665251238499646","9","20200315 21:00:00.000 -0300"
"NL","Netherlands","2051","0.2029325513196481","11","20200316 21:00:00.000 -0300"
"NL","Netherlands","2460","0.19941491955143834","10","20200317 21:00:00.000 -0300"
"NL","Netherlands","2994","0.21707317073170732","7","20200318 21:00:00.000 -0300"
"NL","Netherlands","42788","0.0037769488821638867","9","20200509 21:00:00.000 -0300"
"NL","Netherlands","42984","0.004580723567355333","9","20200510 21:00:00.000 -0300"
"NL","Netherlands","43211","0.005281034803647869","10","20200511 21:00:00.000 -0300"
"NL","Netherlands","43481","0.00624840896993821","9","20200512 21:00:00.000 -0300"
"NL","Netherlands","43681","0.00459971021825625","10","20200513 21:00:00.000 -0300"
"NL","Netherlands","43870","0.004326824019596621","12","20200514 21:00:00.000 -0300"
"NL","Netherlands","43995","0.0028493275586961475","14","20200515 21:00:00.000 -0300"
"NL","Netherlands","44141","0.0033185589271508124","16","20200516 21:00:00.000 -0300"
"NL","Netherlands","44249","0.002446704877551483","17","20200517 21:00:00.000 -0300"
"NL","Netherlands","44447","0.004474677393839409","19","20200518 21:00:00.000 -0300"
"NL","Netherlands","50921","0.0015932336742722267","17","20200709 21:00:00.000 -0300"
"NL","Netherlands","51022","0.001983464582392333","17","20200710 21:00:00.000 -0300"
"NL","Netherlands","51093","0.0013915565834345968","20","20200711 21:00:00.000 -0300"
"NL","Netherlands","51146","0.0010373240952772395","16","20200712 21:00:00.000 -0300"
"NL","Netherlands","51252","0.0020724983380909553","18","20200713 21:00:00.000 -0300"
"NL","Netherlands","51351","0.0019316319363146804","17","20200714 21:00:00.000 -0300"
"NL","Netherlands","51454","0.002005803197600826","19","20200715 21:00:00.000 -0300"
"NL","Netherlands","51581","0.00246822404477786","22","20200716 21:00:00.000 -0300"
"NL","Netherlands","51725","0.0027917256354083866","19","20200717 21:00:00.000 -0300"
"NL","Netherlands","51910","0.0035766070565490574","17","20200718 21:00:00.000 -0300"
"NL","Netherlands","79781","0.016176077237584543","17","20200909 21:00:00.000 -0300"
"NL","Netherlands","81012","0.015429738910266855","16","20200910 21:00:00.000 -0300"
"NL","Netherlands","82099","0.013417765269342814","18","20200911 21:00:00.000 -0300"
"NL","Netherlands","83399","0.015834541224619057","23","20200912 21:00:00.000 -0300"
"NL","Netherlands","84778","0.01653497044329069","25","20200913 21:00:00.000 -0300"
"NL","Netherlands","86320","0.01818868102573781","23","20200914 21:00:00.000 -0300"
"NL","Netherlands","88073","0.020308155699721966","15","20200915 21:00:00.000 -0300"
"NL","Netherlands","90047","0.02241322539257207","14","20200916 21:00:00.000 -0300"
"NL","Netherlands","91934","0.02095572312236943","16","20200917 21:00:00.000 -0300"
"NL","Netherlands","93778","0.020057867600670045","16","20200918 21:00:00.000 -0300"
"NL","Netherlands","424819","0.012891858125184782","11","20201109 21:00:00.000 -0300"
"NL","Netherlands","430453","0.01326211869054821","11","20201110 21:00:00.000 -0300"
"NL","Netherlands","436544","0.014150209198216763","9","20201111 21:00:00.000 -0300"
"NL","Netherlands","442458","0.013547317108928309","12","20201112 21:00:00.000 -0300"
"NL","Netherlands","447871","0.0122339295481153","13","20201113 21:00:00.000 -0300"
"NL","Netherlands","452701","0.01078435531659786","11","20201114 21:00:00.000 -0300"
"NL","Netherlands","457003","0.009502961115614942","11","20201115 21:00:00.000 -0300"
"NL","Netherlands","461612","0.010085272963197178","11","20201116 21:00:00.000 -0300"
"NL","Netherlands","467257","0.012228884864344947","8","20201117 21:00:00.000 -0300"
"NL","Netherlands","473190","0.012697509079585752","6","20201118 21:00:00.000 -0300"
"SD","Sudan","0","0","34","20200309 21:00:00.000 -0300"
"SD","Sudan","0","0","35","20200310 21:00:00.000 -0300"
"SD","Sudan","1","0","25","20200311 21:00:00.000 -0300"
"SD","Sudan","1","0","26","20200312 21:00:00.000 -0300"
"SD","Sudan","1","0","27","20200313 21:00:00.000 -0300"
"SD","Sudan","1","0","28","20200314 21:00:00.000 -0300"
"SD","Sudan","1","0","29","20200315 21:00:00.000 -0300"
"SD","Sudan","2","1","29","20200316 21:00:00.000 -0300"
"SD","Sudan","2","0","27","20200317 21:00:00.000 -0300"
"SD","Sudan","2","0","27","20200318 21:00:00.000 -0300"
"SD","Sudan","1526","0.11794871794871795","35","20200509 21:00:00.000 -0300"
"SD","Sudan","1661","0.08846657929226737","35","20200510 21:00:00.000 -0300"
"SD","Sudan","1818","0.09452137266706803","37","20200511 21:00:00.000 -0300"
"SD","Sudan","1818","0","36","20200512 21:00:00.000 -0300"
"SD","Sudan","1964","0.08030803080308031","36","20200513 21:00:00.000 -0300"
"SD","Sudan","2289","0.16547861507128309","35","20200514 21:00:00.000 -0300"
"SD","Sudan","2289","0","32","20200515 21:00:00.000 -0300"
"SD","Sudan","2591","0.13193534294451725","28","20200516 21:00:00.000 -0300"
"SD","Sudan","2728","0.052875337707448865","31","20200517 21:00:00.000 -0300"
"SD","Sudan","2728","0","34","20200518 21:00:00.000 -0300"
"SD","Sudan","10250","0.004508036064288515","32","20200709 21:00:00.000 -0300"
"SD","Sudan","10250","0","33","20200710 21:00:00.000 -0300"
"SD","Sudan","10316","0.006439024390243902","30","20200711 21:00:00.000 -0300"
"SD","Sudan","10417","0.009790616518030244","31","20200712 21:00:00.000 -0300"
"SD","Sudan","10527","0.010559662090813094","32","20200713 21:00:00.000 -0300"
"SD","Sudan","10527","0","31","20200714 21:00:00.000 -0300"
"SD","Sudan","10527","0","30","20200715 21:00:00.000 -0300"
"SD","Sudan","10682","0.01472404293720908","29","20200716 21:00:00.000 -0300"
"SD","Sudan","10992","0.029020782624976597","29","20200717 21:00:00.000 -0300"
"SD","Sudan","10992","0","27","20200718 21:00:00.000 -0300"
"SD","Sudan","13470","0.002455905336012503","30","20200909 21:00:00.000 -0300"
"SD","Sudan","13470","0","31","20200910 21:00:00.000 -0300"
"SD","Sudan","13516","0.003414996288047513","30","20200911 21:00:00.000 -0300"
"SD","Sudan","13535","0.0014057413435927789","29","20200912 21:00:00.000 -0300"
"SD","Sudan","13535","0","30","20200913 21:00:00.000 -0300"
"SD","Sudan","13535","0","31","20200914 21:00:00.000 -0300"
"SD","Sudan","13535","0","30","20200915 21:00:00.000 -0300"
"SD","Sudan","13535","0","32","20200916 21:00:00.000 -0300"
"SD","Sudan","13535","0","33","20200917 21:00:00.000 -0300"
"SD","Sudan","13555","0.0014776505356483192","32","20200918 21:00:00.000 -0300"
"SD","Sudan","14346","0.013493465206640763","27","20201109 21:00:00.000 -0300"
"SD","Sudan","14401","0.0038338212742227797","28","20201110 21:00:00.000 -0300"
"SD","Sudan","14401","0","27","20201111 21:00:00.000 -0300"
"SD","Sudan","14401","0","27","20201112 21:00:00.000 -0300"
"SD","Sudan","14626","0.015623915005902368","26","20201113 21:00:00.000 -0300"
"SD","Sudan","14728","0.006973882127717763","26","20201114 21:00:00.000 -0300"
"SD","Sudan","15047","0.02165942422596415","27","20201115 21:00:00.000 -0300"
"SD","Sudan","15047","0","27","20201116 21:00:00.000 -0300"
"SD","Sudan","15299","0.016747524423473117","28","20201117 21:00:00.000 -0300"
"SD","Sudan","15530","0.015099026080135957","28","20201118 21:00:00.000 -0300"
"SN","Senegal","4","0","33","20200309 21:00:00.000 -0300"
"SN","Senegal","4","0","34","20200310 21:00:00.000 -0300"
"SN","Senegal","10","1.5","34","20200311 21:00:00.000 -0300"
"SN","Senegal","10","0","33","20200312 21:00:00.000 -0300"
"SN","Senegal","24","1.4","32","20200313 21:00:00.000 -0300"
"SN","Senegal","24","0","33","20200314 21:00:00.000 -0300"
"SN","Senegal","26","0.08333333333333333","32","20200315 21:00:00.000 -0300"
"SN","Senegal","31","0.19230769230769232","32","20200316 21:00:00.000 -0300"
"SN","Senegal","31","0","32","20200317 21:00:00.000 -0300"
"SN","Senegal","38","0.22580645161290322","34","20200318 21:00:00.000 -0300"
"SN","Senegal","1886","0.10356933879461673","33","20200509 21:00:00.000 -0300"
"SN","Senegal","1995","0.057794273594909865","33","20200510 21:00:00.000 -0300"
"SN","Senegal","2105","0.05513784461152882","35","20200511 21:00:00.000 -0300"
"SN","Senegal","2189","0.039904988123515436","35","20200512 21:00:00.000 -0300"
"SN","Senegal","2310","0.05527638190954774","36","20200513 21:00:00.000 -0300"
"SN","Senegal","2429","0.051515151515151514","37","20200514 21:00:00.000 -0300"
"SN","Senegal","2480","0.02099629477151091","35","20200515 21:00:00.000 -0300"
"SN","Senegal","2544","0.025806451612903226","35","20200516 21:00:00.000 -0300"
"SN","Senegal","2617","0.02869496855345912","34","20200517 21:00:00.000 -0300"
"SN","Senegal","2714","0.037065341994650364","35","20200518 21:00:00.000 -0300"
"SN","Senegal","8014","0.016747018523217458","28","20200709 21:00:00.000 -0300"
"SN","Senegal","8135","0.01509857748939356","26","20200710 21:00:00.000 -0300"
"SN","Senegal","8198","0.007744314689612784","30","20200711 21:00:00.000 -0300"
"SN","Senegal","8243","0.005489143693583801","26","20200712 21:00:00.000 -0300"
"SN","Senegal","8369","0.015285696954992115","30","20200713 21:00:00.000 -0300"
"SN","Senegal","8481","0.01338272195005377","29","20200714 21:00:00.000 -0300"
"SN","Senegal","8544","0.007428369296073576","24","20200715 21:00:00.000 -0300"
"SN","Senegal","8669","0.014630149812734082","28","20200716 21:00:00.000 -0300"
"SN","Senegal","8810","0.016264851770677127","28","20200717 21:00:00.000 -0300"
"SN","Senegal","8948","0.015664018161180477","24","20200718 21:00:00.000 -0300"
"SN","Senegal","14193","0.00303886925795053","28","20200909 21:00:00.000 -0300"
"SN","Senegal","14237","0.003100119777355034","24","20200910 21:00:00.000 -0300"
"SN","Senegal","14280","0.0030202992203413642","25","20200911 21:00:00.000 -0300"
"SN","Senegal","14306","0.0018207282913165266","30","20200912 21:00:00.000 -0300"
"SN","Senegal","14529","0.015587865231371453","30","20200913 21:00:00.000 -0300"
"SN","Senegal","14568","0.0026842865992153624","28","20200914 21:00:00.000 -0300"
"SN","Senegal","14618","0.0034321801208127404","27","20200915 21:00:00.000 -0300"
"SN","Senegal","14645","0.0018470378984813244","25","20200916 21:00:00.000 -0300"
"SN","Senegal","14688","0.0029361556845339705","25","20200917 21:00:00.000 -0300"
"SN","Senegal","14714","0.001770152505446623","28","20200918 21:00:00.000 -0300"
"SN","Senegal","15735","0.0009541984732824427","32","20201109 21:00:00.000 -0300"
"SN","Senegal","15744","0.0005719733079122975","33","20201110 21:00:00.000 -0300"
"SN","Senegal","15755","0.0006986788617886179","32","20201111 21:00:00.000 -0300"
"SN","Senegal","15779","0.0015233259282767374","32","20201112 21:00:00.000 -0300"
"SN","Senegal","15793","0.0008872552126243742","31","20201113 21:00:00.000 -0300"
"SN","Senegal","15801","0.0005065535363768758","32","20201114 21:00:00.000 -0300"
"SN","Senegal","15806","0.0003164356686285678","32","20201115 21:00:00.000 -0300"
"SN","Senegal","15823","0.001075540933822599","33","20201116 21:00:00.000 -0300"
"SN","Senegal","15835","0.0007583896859002717","31","20201117 21:00:00.000 -0300"
"SN","Senegal","15848","0.0008209662140827281","31","20201118 21:00:00.000 -0300"
"UY","Uruguay","0","0","29","20200309 21:00:00.000 -0300"
"UY","Uruguay","0","0","31","20200310 21:00:00.000 -0300"
"UY","Uruguay","4","0","33","20200311 21:00:00.000 -0300"
"UY","Uruguay","6","0.5","33","20200312 21:00:00.000 -0300"
"UY","Uruguay","8","0.3333333333333333","22","20200313 21:00:00.000 -0300"
"UY","Uruguay","29","2.625","20","20200314 21:00:00.000 -0300"
"UY","Uruguay","50","0.7241379310344828","23","20200315 21:00:00.000 -0300"
"UY","Uruguay","79","0.58","22","20200316 21:00:00.000 -0300"
"UY","Uruguay","94","0.189873417721519","23","20200317 21:00:00.000 -0300"
"UY","Uruguay","110","0.1702127659574468","21","20200318 21:00:00.000 -0300"
"UY","Uruguay","711","0.005657708628005658","20","20200509 21:00:00.000 -0300"
"UY","Uruguay","717","0.008438818565400843","14","20200510 21:00:00.000 -0300"
"UY","Uruguay","719","0.002789400278940028","13","20200511 21:00:00.000 -0300"
"UY","Uruguay","724","0.006954102920723227","11","20200512 21:00:00.000 -0300"
"UY","Uruguay","732","0.011049723756906077","13","20200513 21:00:00.000 -0300"
"UY","Uruguay","733","0.001366120218579235","15","20200514 21:00:00.000 -0300"
"UY","Uruguay","734","0.001364256480218281","17","20200515 21:00:00.000 -0300"
"UY","Uruguay","737","0.004087193460490463","19","20200516 21:00:00.000 -0300"
"UY","Uruguay","738","0.0013568521031207597","20","20200517 21:00:00.000 -0300"
"UY","Uruguay","746","0.01084010840108401","21","20200518 21:00:00.000 -0300"
"UY","Uruguay","986","0.0010152284263959391","11","20200709 21:00:00.000 -0300"
"UY","Uruguay","987","0.0010141987829614604","11","20200710 21:00:00.000 -0300"
"UY","Uruguay","989","0.002026342451874367","9","20200711 21:00:00.000 -0300"
"UY","Uruguay","997","0.008088978766430738","6","20200712 21:00:00.000 -0300"
"UY","Uruguay","1009","0.012036108324974924","7","20200713 21:00:00.000 -0300"
"UY","Uruguay","1026","0.01684836471754212","7","20200714 21:00:00.000 -0300"
"UY","Uruguay","1037","0.010721247563352826","12","20200715 21:00:00.000 -0300"
"UY","Uruguay","1044","0.006750241080038573","20","20200716 21:00:00.000 -0300"
"UY","Uruguay","1054","0.009578544061302681","22","20200717 21:00:00.000 -0300"
"UY","Uruguay","1064","0.009487666034155597","21","20200718 21:00:00.000 -0300"
"UY","Uruguay","1773","0.007959067652075043","17","20200909 21:00:00.000 -0300"
"UY","Uruguay","1780","0.003948110547095319","12","20200910 21:00:00.000 -0300"
"UY","Uruguay","1808","0.015730337078651686","15","20200911 21:00:00.000 -0300"
"UY","Uruguay","1812","0.0022123893805309734","12","20200912 21:00:00.000 -0300"
"UY","Uruguay","1827","0.008278145695364239","12","20200913 21:00:00.000 -0300"
"UY","Uruguay","1856","0.015873015873015872","15","20200914 21:00:00.000 -0300"
"UY","Uruguay","1876","0.010775862068965518","17","20200915 21:00:00.000 -0300"
"UY","Uruguay","1890","0.007462686567164179","18","20200916 21:00:00.000 -0300"
"UY","Uruguay","1904","0.007407407407407408","13","20200917 21:00:00.000 -0300"
"UY","Uruguay","1917","0.006827731092436975","11","20200918 21:00:00.000 -0300"
"UY","Uruguay","3700","0.022099447513812154","19","20201109 21:00:00.000 -0300"
"UY","Uruguay","3795","0.025675675675675677","19","20201110 21:00:00.000 -0300"
"UY","Uruguay","3883","0.02318840579710145","20","20201111 21:00:00.000 -0300"
"UY","Uruguay","3957","0.019057429822302345","24","20201112 21:00:00.000 -0300"
"UY","Uruguay","4030","0.018448319433914583","24","20201113 21:00:00.000 -0300"
"UY","Uruguay","4104","0.01836228287841191","20","20201114 21:00:00.000 -0300"
"UY","Uruguay","4208","0.025341130604288498","18","20201115 21:00:00.000 -0300"
"UY","Uruguay","4296","0.02091254752851711","20","20201116 21:00:00.000 -0300"
"UY","Uruguay","4377","0.018854748603351956","18","20201117 21:00:00.000 -0300"
"UY","Uruguay","4477","0.022846698652044778","18","20201118 21:00:00.000 -0300"
